,Clothing ID,Age,Title,Review Text,Rating,Recommended IND,Positive Feedback Count,Division Name,Department Name,Class Name
18,1120,32,Super cute and cozy,"A flattering, super cozy coat.  will work well for cold, dry days and will look good with jeans or a dressier outfit.  i am 5' 5'', about 135 and the small fits great.",5,1,0,General,Jackets,Outerwear
106,836,47,Beautiful shirt but runs small!,Was so excited to order this beautiful shirt!  and the color sky is gorgeous!  but as another reviewer said--it runs small.  it was also way too short.  so sadly i will be returning this.  i gave it 5 stars because it is beautiful and great quality--it just didn't fit me.,4,1,11,General,Tops,Blouses
212,1075,52,Classic,"I was so excited about the arrival of my maza dress. much to my surprise the material was not has structured as i thought it would be from the photos. the fit was very tight and did not fall as nicely as i anticipated. because i loved the classic design i decided to give it another chance so i returned it for the next size up and fell in love, the open sleeve was a nice surprise with a touch if elegance. the front buttons added a bit of old charm and feminine
appeal. while the material was not v",4,1,3,General,Dresses,Dresses
376,862,37,Just okay,"I was looking for a basic tee, but this one was just ok...the quality is okay, but it us not as soft as i would have liked. unfortunately,  i will be returning this item.",3,0,0,General,Tops,Knits
638,620,47,Very cute and comfortable,I got the shorts and the blue motif they're really comfortable and will look cute with a tank top for the weekend.   they true to size them usually a size 4 to 6 and i got a small and that works.,4,1,2,General,Bottoms,Shorts
819,886,63,V-neck t,Way to v necked- other than that would be a nice go to top. needs a cami.,3,1,1,General Petite,Tops,Knits
869,886,52,,"I bought this tunic in black and am seriously considering buying it in more colors. it is so comfortable and very flattering. i am 5'11"", so many tunics are more like shirts on me, but this one is the perfect length to wear with leggings or pants. the v neck is a nice, feminine touch and i love the change in material around the edges.",5,1,6,General Petite,Tops,Knits
976,154,48,Cozy comfy beautiful top,I was initially attracted to the colors,5,1,1,Initmates,Intimate,Sleep
1041,949,42,Beautiful!,"I got the purple color and absolutely love it. i am 5'2"" but decided against the petite size and i wanted it to be a bit longer. i also went with the xxs as the xs was a bit too loose on the arm. it was definitely a splurge to buy the sweater but it looked so lovely!",5,1,0,General,Tops,Sweaters
1051,949,66,Nice cotton sweater,"Bought this is the blue, which is actually a very grey-blue.  i love cotton sweaters and they are not easy to find.  this one has lovely colors and unusual design, but is a bit too full.  that said, i am keeping it for the cotton/linen factor, alone.",4,1,0,General,Tops,Sweaters
1423,1081,47,"Great dress, too short","Dress is very pretty, but very short, almost tunic length.",3,1,0,General Petite,Dresses,Dresses
1501,860,52,~~so very retailer~~,"Absolutely beautiful - 
usually don't leave reviews here, but this top (material, beading, style) is so gorgeous i would be remiss if i didn't. i have a short torso, so the peplum hit me above the belly-button. it's very voluminous, but with the right pants and heels, it is a perfect outfit. as a full-time student, i'm apt to find retailer expensive - but this purchase was so very much worth it. in terms of sizing- i initially got the s to accommodate my bust (30f) but preferred the xs.",5,1,0,General,Tops,Knits
1543,1122,62,Madly in love!,"This is a favulous cape...in fact i would buy another if there were other colors! it is oversized, playful, chic, dramatic and simply put a true statement piece. it will not be flattering to your figure...it is not suppose to...but it will show your true sense of style! wish it had pockets...i may add them for more play.",5,1,2,General,Jackets,Outerwear
1832,1080,37,,"This dress is extremely comfortable and easy to wear with a bra. the back is great and the length is perfect for me. it's flattering, but the pattern (being light in color across the middle) isn't particularly flattering on your waist. that being said though, the gathering in front is great for hiding bumps and whatnot (after 3 kids that's important to me). lightweight and great for summer. 5'8"", 135lbs and the size s fit perfectly.",4,1,10,General,Dresses,Dresses
1898,1035,38,Great fit,"I love love love the fit in the corduroy, so thought about grabbing these jeans as well. they fit much pretty well, just the color wasn't quite right. i'm really picky about the blueness of my jeans, and these don't quite match the coloring in the photo. still debating whether to keep them. love the cuff styling and straight leg fit!",4,1,1,General,Bottoms,Jeans
2081,912,32,,,5,1,0,General,Tops,Fine gauge
2168,867,36,Beautiful,Fits great! love soft material. love with skinny jeans brown boots,5,1,0,General Petite,Tops,Knits
2267,418,46,Great summer pajama pants.,"I like having lightweight summer pajamas, and these are perfect. the print is so much cuter in person and the fabric is wonderfully silky. the pants themselves seemed to run a little bit small. i ordered them in xs and s and ended up keeping the small. overall a great purchase.",5,1,0,Initmates,Intimate,Sleep
2279,1072,46,Adorable,"This multi-season dress fits beautifully, the colors are vibrant and the skirt has a nice weight, drape and swing to it. the skirt is slightly asymmetrical as some reviewers noted but it's probably not noticeable to anyone but the wearer.",5,1,0,General Petite,Dresses,Dresses
2339,835,32,This shirt got me a job,Wore it to an interview. the color is fantastic. it's beautiful and artsy. highly recommend!,5,1,0,General,Tops,Blouses
2580,1089,41,Gorgeous!,"Oh my, i just received my dress and it is gorgeous!. i was a little skeptical with the reviews but i am on the slender side so perhaps that is the body type it works for. i am 34b with a 25 waist. i got a size 0 and it fits well. i am 5'5"" and the length is good too, not too long. i could wear reasonable heel/wedges. it is a great class, sophisticated look. the material is great quality. i can't wait for an occasion to wear it to!",5,1,0,General Petite,Dresses,Dresses
2582,1089,41,Do not buy this dress,"I should have heeded the previous reviewer's advice. but i'm really short so i thought i'd give it a try. there is something really wrong with the bust. first, it's about 3-4 inches higher than it should be. the bottom trim cut across the middle of my bust. even if i hoisted everthing up in there to fit the cups, they are really only designed to fit cones, not curves. from the side it looked hideous. too bad, because the fabric and fit everywhere else is gorgeous.",1,0,17,General Petite,Dresses,Dresses
2614,1085,50,Definitely a summer dress,This dress is tricky. the fabric is very thin and the under slip it comes with runs small. i wear it with my yoga shorts underneath. the fabric is a very thin linen. my husband loves me in this dress so that a huge pro. its very light and cool perfect for the summer time.,3,1,2,General Petite,Dresses,Dresses
2806,827,26,Love this too,"Such a cute top. does run slightly big, depending on how loose you want it to be. for such a simple design, the quality is great.",5,1,0,General,Tops,Blouses
2848,429,23,Pretty but poor quality,When these shorts arrived i loved them and was so excited to wear them on my upcoming trip to the beach. the high rise waist is very flattering and the material was extremely soft. the floral detailing was a little more orange than in the picture but i still loved the contrast. the first time i wore these i immediately noticed threads coming loose throughout the day. it was minor but still concerning for an item that was so costly. the real problem arose in the evening when i put on a jacket on,3,0,3,General,Bottoms,Shorts
2978,1094,35,,Love embroidery!,5,1,0,General,Dresses,Dresses
3039,1092,52,"Transitional, versitile, and well-made dress","It was the color that prompted me to take this dress to the fitting room. as seen in the photos, it is a deep burgundy or dark maroon. though the color is deep and rich, the design of the dress makes it lighter and easily able to be worn during the heat of the summer. 

in the later months of summer and early fall, i will wear this dress without leggings for a transitional look. when the temps cool down, though, i will wear leggings or tights throughout the winter with the dress. it will easil",5,1,17,General,Dresses,Dresses
3070,895,45,,"I passed this over on first sight because it looked like it might be on the short side in length. after seeing a few other photos and reading the reviews, i opted to give it a go. the store did not have my usual xs or even a size small, so i tried on the medium. it was too wide as expected, but the shoulders are adjustable so i fiddled with it a bit and decided it was really cute. there were no more xs available to order so i asked if the store could order the small. it arrived and is absolutely",4,1,1,General,Tops,Fine gauge
3169,909,50,Super cozy,Wow great soft feels great but not too clingy. only thing keeping from 5 start is that it will pill some. the sleeves are not fuzzy so they don't pill but body will/does.,4,1,0,General,Tops,Fine gauge
3309,860,62,,"The colors on this top are beautiful, even more vibrant than the online picture. i was so excited to try it on. the problem is with the fitting. it's too short and too loose. you can see in the picture that the shirt isn't even tucked in and it barely hits the hips. as much as i wanted it to work, back it goes.",3,0,4,General,Tops,Knits
3349,836,43,Wearable,"I love this shirt. great mix of chic, comfortable and feminine! can wear for many occasions!",5,1,0,General Petite,Tops,Blouses
3358,860,61,Nice tunic,"This fits me more like a tunic so i wear it with jeggings. i am 5'4 and usually a 10-12 petite and the s fit well.
the arms are stretchy which i like since i have an athletic build. love the butterfly pattern !",5,1,0,General,Tops,Knits
3486,854,62,Sweet on embroidery,Soft. fitted without being tight. flattering neckline. nice embroidery.,5,1,0,General,Tops,Knits
3592,1077,49,Great fun and versatile dress,"I love this dress.i have it in black and am about to buy it in the blue..i'm usually a 4 but i bought a size 2. it is light and flattering with the gathering above the waist....does tend to crease a bit, but it's not too bad. love the way it can be dressed up or down (think boots or vans or sandles). i will dress it up to go out, but also throw it on to pick the kids up from school.",5,1,1,General,Dresses,Dresses
3648,1094,39,Just agreeing,"Just agreeing with all the good reviews.  love the color, feel, fit and versatility.  you can look sexy or modest depending on your underpinnings and accessories.  drapes over and disguises my figure flaws.  this is a three season dress for me and i look forward to having this in my rotation in the years to come.  i bought regular hem instead of petite.",5,1,0,General,Dresses,Dresses
3655,912,28,Comfortable but boxy shape,"I was pleased with the fabric and lace, and the arms fit me nicely. the only problem was that the bottom of the sweater was very boxy and not flattering. i am having the sides taken in to fix.",4,1,0,General Petite,Tops,Fine gauge
3665,872,33,Easy everyday wear,This shirt fits great. normally wear an xs or a small and a small fits in this. comfortable and cute on. i wish i had ordered the other color as well.,4,1,0,General Petite,Tops,Knits
3753,1080,59,Gorgeous but small on top,I normally wear 0 in retailer dresses. the bottom is roomy but top from band up runs small. i bought a 2 and love it. i plan to wear it to a wedding.,5,1,1,General Petite,Dresses,Dresses
4090,1098,62,Tricky but cute,"I was immediately drawn to this dress when i saw it in the store. i'm normally a size 2 but i feel like the size two was too constricting in the chest and arms, so found a size 4 to be just right. it's longer and a bit wider than the size 2 everywhere else, but given the design, i thought it was fine. the main thing to note is that the top is snug and has no give whatsoever. if you have a larger bust or broader shoulders, sizing up is a must. lengthwise, it fit me like it does on the model. (i t",4,1,0,General Petite,Dresses,Dresses
4120,121,32,"Lovely top, but too tight",The top is a pretty design. it's a low v-neck. but it would be nice for layering. it was just way to tight. runs small. order up a size.,4,0,0,Initmates,Intimate,Layering
4207,860,63,Great netural top.,"This top is simple but beautiful. i am either a large or xl but purchased this in the xl. it is a swing top, but has a beautiful flow to it which is not overbearing. i am around 5'6"" and slightly on the broad side and do not feel overpowered by this shirt at all.
i love a top that can be worn everyday with a pair of jeans or dressed up with a pair of slacks. the plus to this top is that it can born worn almost year round which i like.
a great staple for your closet.",5,1,0,General Petite,Tops,Knits
4532,820,45,,,5,1,0,General,Tops,Blouses
4572,820,32,My new favorite shirt,"I got the navy blue pattern and i absolutely love it. it's soft and cozy and just dressy enough to pull an outfit together.  i initially sized up to a 10 based on other reviews but exchanged it for an 8, my normal size. it's flowy so the bigger size was way too much fabric. in the 8 it's just right for the style.",5,1,0,General,Tops,Blouses
4575,820,29,Unique soft and comfy fall top,I love maeve designs in general and find that their sizing and quality is consistent. this top is so soft and a bit billowy.. the darker pattern in the black motif combined with the lightweight nature of the material make it perfect for fall. i love the little details: staggered/ paired buttons down the front and interesting seaming that isn't as apparent in the photos. considering another color as well...,5,1,1,General,Tops,Blouses
4681,871,33,Great pops of color for the end of summer,"The colors of this top are my favorite part, i want to hold onto summer for as long as possible and this time lets me do that!",4,1,1,General Petite,Tops,Knits
5008,868,72,"All-around quality, but big","This is a top-flight notch: an attractive design, nicely made. for me, the fabric is rather heavy for summer wear, but that won't prevent me from keeping it for cooler days. my one complaint is the sizing. i weigh a bottom-heavy 146 lbs. and hoped i'd get away with a medium. but it swims on me...not ""a bit too large,"" but ""way too large."" i'm returning it and hoping that a small will be small enough.",4,1,4,General,Tops,Knits
5094,1078,51,Small,"Too tight in strange ways. beautiful dress i was so excited to receive it, however it just did not fit.",1,0,0,General,Dresses,Dresses
5182,854,39,This looked surprizingly really cute in person,"I didn't expect the fit to be as cute, i am not sure i like how the model is wearing this top, but untucked, or more tucked both look more falttering on. the color is more vibrant in person, still light turquoise, but richer. i don't think i nbeed petite in this as it is blousy, but not oversized or boxy.",5,1,6,General,Tops,Knits
5231,1033,57,Cute pants,These pants are a really pretty color and feel nice on. the fit was great and did not really shrink with washing. i received a lot of compliments the first time i wore them.,5,1,0,General Petite,Bottoms,Jeans
5242,992,41,,,4,1,0,General,Bottoms,Skirts
5293,867,70,Comfort & style in one great top!,"The design is loose and forgiving, and it is very comfortable. the fabric is soft and light weight, and i love how the sleeves are full cut so even those without stick arms can fit in them! it drapes beautifully and is quite lovely on. you can easily dress it up with jewelry or wear it over jeans for a great go-to top on the weekend. i also bought the purple version - it says it's mauve in the description, but it's really more of a pale lavender color. still very pretty, but i wish it was mauve!",5,1,2,General Petite,Tops,Knits
5329,895,54,Retailer clothes,I love all my retailer clothes! it's my favorite store! i even love the displays!,5,1,0,General,Tops,Fine gauge
5354,965,41,Wish it worked,"I had such high hopes for this jacket based on the photo, i even waited for it to come back in stock. the detail is beautiful but it is shapeless and boxy. for reference i ordered xs, and i am usually a 0/2 on top (small chested). it might look better on someone with a larger chest but looked like a sack on me. so disappointing.",3,0,6,General,Jackets,Jackets
5607,937,63,Graphic appeal,"I tend to like grey, black simple clothes with a splash here and there for everyday. this will be perfect in the fall/winter. it is wool, so be prepared for the felted wool feel, but it is casual comfortable. i am 5' 4"" and boxy. the medium is still roomie on me but that is how i like it.",4,1,1,General,Tops,Sweaters
5854,1033,26,Classic flare jean,These give an amazing slimming effect and i love the dark wash and fit on the waist. only negative is that being 5'4 and a size 30 the length of the pants is a few inches too long for me. i still love them but will have to wear heels with them always.,4,1,1,General Petite,Bottoms,Jeans
6300,866,49,Pretty but...,Very pretty top. however you absolutely need to try it on before ordering. fit well in the chest area but way too big in the sides - i looked pregnant. had to return.,3,1,0,General,Tops,Knits
6515,1033,43,Good quality,These jeans fit very well and of good quality . i think they need to be broken into a bit like most new jeans. overall i am happy with my purchase!,4,1,0,General,Bottoms,Jeans
6517,1020,40,Cute and comfy skirt,This skirt is really cute and very comfortable. i can dress it up for work or dress it down for casual. fun color too.,5,1,0,General,Bottoms,Skirts
6865,1077,40,My favorite,This is one of my favorite retailer dresses of all time. it is soo much better in person and on than the stock photos. very romantic and fun.,5,1,0,General,Dresses,Dresses
6913,860,50,Quintessential white top,This feels so nice and light and summery. nothing like a crisp white top for the season.,4,1,0,General,Tops,Knits
6967,663,39,The material is lightweight and comfortable.,The only draw back are the slits on the side. they are too high and if you turn sideways at some angles you can see your cheeks. i will have them sewn up a bit because i love the dress and it is worth it.,4,1,0,Initmates,Intimate,Lounge
7055,1078,36,Maeve stunner,"This dress is gorgeous, well made, lined, and tts. i get compliments each time i wear it and find it unique yet classy and appropriate for work. unlike some of the maeve tops i have purchased this year, it does not run big, and if you are banking on a little stretch, i would order the next size up. you won't be disappointed!",5,1,0,General,Dresses,Dresses
7164,863,20,,I tried this on in store in a small and then ordered the medium online i loved it so much! i generally run a small/medium with retailer so i thought this was pretty true to size. i'm also longer through the torso so the medium is better for me to cover my stomach when tied.  it is on the thinner side but not see through. perfect for layering and for a mild california winter. can't wait for it to come!,5,1,0,General,Tops,Knits
7186,868,67,Effortless beauty!,"I have been eyeing this top for a couple weeks and finally found it in my store. it was a good sign when i saw our stores in-house stylist wearing it! i absolutely love the fit--it's soft and stretchy and fabric is nice quality. i'm typically a medium, sometimes large--i bought the medium and it's perfect. i could have gone down to a small as well. the large was way too big (for reference i'm 5'8"", athletic, 150lbs). this top is going to take me everywhere this summer! worth a try!",5,1,2,General,Tops,Knits
7196,860,29,Love this!!!,Loved this so much i bought it in black and in grey. it fits perfectly and it lays awesomely!! i ended up buying the black in medium and the grey in large for a bit of a different look for each. i usually wear a medium or large so i'd say it fits super true to size - just depends on how you want it to fit!,5,1,1,General,Tops,Knits
7223,869,34,Loose comfy shirt,I found it hard to pair with bottoms. fit wasn't very flattering for me.,3,1,0,General,Tops,Knits
7314,1177,30,Fun swim top,"I ordered this in an xs and it fits well. however, if you have a bigger bust this top may be a problem. i wear a b cup and it fits me well.",5,1,0,Initmates,Intimate,Swim
7467,862,32,Just what i wanted,This top is exactly what i was expecting. super comfortable while still looking stylish. just covers your bum so you can wear it with leggings or jeans!,5,1,1,General,Tops,Knits
7505,105,48,Perfect stylish comfort,"First off, these are great because they are not so tight like all other work out crops that my anatomy is not a mystery to people around me. i have an athletic build and these pants are awesome in that they hug the body lightly. they are so soft and comfy also. perfect for running and the gym and apres whatever. i bought a back up pair.",5,1,0,Initmates,Intimate,Lounge
7623,1001,48,Gorgeous but pricy,"I found this skirt in a size 8 at my local retailer store. i admired it on the website but to see and feel it in person was very appealing. i tried it on and it fit beautifully, a style that looks great on my figure. i love the mohair weave of the color block sections. the negative is this skirt is really pricy but i had my birthday discount and since the size 8 was sold out online and this skirt must have been a return the chances of it going on sale in a size 8 were very slim. i am still admirin",5,1,3,General,Bottoms,Skirts
7628,816,66,Soft and flattering!,"This is a very flattering blouse, but it should be noted that holding horses tends to run large in size, so order down. the fabric is 100% cotton, gauzy and light. it is very soft on the skin. i was a bit uncertain whether to keep it at first because it required a bit of adjusting in the way it falls once on, but i decided to keep it and i'm glad i did. it is nice looking with jeans and leggings because the back of the blouse is longer, and because of the lightness of the fabric, it does not app",5,1,3,General,Tops,Blouses
7846,1078,44,Confirmed: a tent,"I should have listened to previous reviewers. but the dress looks so good on the model in the two dimensional pictures. when it arrived in the mail, i realized this is a mistake. it has no shape, material is poofy and feels cheap. it is going back.",1,0,1,General Petite,Dresses,Dresses
7892,866,33,,,4,1,0,General Petite,Tops,Knits
8021,1099,34,Super soft but can make you look frumpy,"Dress is silk? it's soft and pretty. it's blue so you can wear brown or blue suede boots!
i caught my reflection a few times and thought i looked really bottom heavy. dress is awesome. worth it.",5,1,0,General Petite,Dresses,Dresses
8024,868,35,,,4,1,0,General,Tops,Knits
8081,1078,29,Love this dress!!!,"Saw this in store today and had to have it. the pink is a really bright pink - definitely more of a hot pink than it appears in the image online. i am a solid 10, and i bought this in an 8, so it definitely runs a size large. highly recommend!",5,1,3,General Petite,Dresses,Dresses
8238,17,31,Love this dress!,"I absolutely love this dress! i got it right after my first baby was born to wear to an outdoor, early october wedding. it was perfect! the fit is flattering and the dress is well made. it's a classy, elegant dress and i have worn it many times since.",5,1,0,General,Dresses,Dresses
8609,260,29,Beautiful!,"This vest was a must-have the minute i saw it! i usually stick to the sale section, but this was a worthy exception. i love the reversible option! i bought the matching leggings as well, and have worn them with the smaller floral motif...so many compliments! i teach barre, so i figured i would wear this to and from the studio, but i find myself reaching for it to go over all my regular clothes too! the only draw back is the zipper. i'm sure its because it is reversible, however, the zipper hasn'",5,1,2,Initmates,Intimate,Lounge
8630,774,45,"Comfortable cute, very casual dress","This is made of soft, sweatshirt material. it is one of those dresses that you can put on with sandals or birkinstocks and go out to breakfast or throw it on to go to the beach or wear after yoga. this is not a ""dressy"" dress. that said, i love it. i used to have a sweatshirt dress from another brand that i wore out and have been searching for the replacement. this color is a pale celadon, a tad bit more vibrant than the photo, which makes it more flattering than you may think. i wear a 4-6 and",4,1,0,Initmates,Intimate,Lounge
8667,1078,20,The best dress ever.,"This dress is absolute perfection. the quality of the dress is great, the fit is comfortable and it's such a fun summer dress. the slip underneath fits perfectly the outer layer is delicate yet durable.",5,1,1,General Petite,Dresses,Dresses
8679,260,46,Aquaflora vest,"So much prettier in person. love it! i'm a size 2 in retailer and a small in this vest, even over a sweater still left quite a bit of room.",5,1,0,Initmates,Intimate,Lounge
8743,952,49,The birds and the beads!,"This cardigan is not my usual color choice, but the details were so beautiful i had to buy it when i saw it at the store. the birds and flowers are detailed with sparkly little beads that are prettier in reality than you can see in these photos. it's also a versatile piece that can be worn in many ways and dressed up or down. i'm only 5'1"" but i didn't need the petite (which is good since it is sold out in petite). the sleeves are cropped so they don't hang too low for me. the sweater is hand wa",5,1,0,General,Tops,Sweaters
8748,927,49,Love the overall look of this piece!,"I love the overall look and comfort of this piece. my only negative is that since it is not lined, the folds in the material on the inside are somewhat noticeable, especially in the shoulder areas. i guess since it is a light color it is more obvious to me, but it is not something that would make me return it. it is comfortable and looks great on.",4,1,0,General,Tops,Sweaters
8773,1151,43,Flattering!,"Beautiful dress! love the colors and fit. can be dressed up or down. the only negative is that the buttons fall off. this is my third dress and it too lost a button the first time i wore it. i don't live near an retailer store so i will be keeping it anyways, as this is already my third dress :( my advice would be to reinforce the three buttons as soon as you buy it. there is one at the top, front of the dress and one on each sleeve.",4,1,10,General,Dresses,Dresses
8845,725,53,Completely see through,"I thought this tank would be so cute and comfy for my daily walks, but it's completely see through.  i sized down one size based on a review from another website and it fits ok, but it's hard to say if it runs tts because i have nothing to compare it to.  if the fabric was a little thicker, this would be the perfect tank.  unless your planning on layering this, i wouldn't recommend.",3,0,0,Initmates,Intimate,Lounge
9012,61,36,Great quality tank,"I love these tanks. the straps are wide enough to hide my bra straps. they're soft. and long enough to give me added length to shirts that run short. because this tank runs small and i had to size up to get the fit that i like, the straps are a little long, but after i alter them with a little sewing, they're perfect. i've had to do this with retailer tanks in the past, and it's worth it to me for the quality that i'm getting. the regular price is too high, so i only buy them on sale. i try",5,1,0,Initmates,Intimate,Layering
9105,828,36,,I really liked the style and fit of this shirt but i'm giving it a 2 because i shirt should last longer than 6 months. i've taken it to the cleaners 2 times and the fabric behind the tag beneath the collar has fallen apart and there are holes.,2,0,0,General,Tops,Blouses
9108,1123,33,,Love this jacket! it is incredibly soft and expensive looking. i love the details with the zippers on the sleeves and very cute lining inside the jacket which is not pictured. i ordered my usual size xxsp and it fit great. this brand does run small so if you are between sizes or prefer a looser fit you should order a size up.,5,1,7,General,Jackets,Outerwear
9115,1094,43,Beautiful,"There is some confusion in the first few reviews over the image, but the dress has a medium green lace and does not have a cut out at the front of the neck. it runs more true to size than some dresses at antrho -- my size is a small 6 petite (meaning that i often end up in a 4) and the six is perfect. 

the dress hangs gorgeously and fits fabulously. the zipper is a bit hard to get through the seams and lace, but worth it.

it has a formal feel, but i think it can be made casual with shoes a",5,1,1,General Petite,Dresses,Dresses
9482,854,27,Classic,"I love this blouse! it is such a classic silhouette. the fit is not so loose on me as the model, but i have a much more curvy figure at a size 14/large. i am completely coverd up in this top, and the waistline is incredibly flattering to a full figure. the lace makes this top easily able to go from dressy to casual. i can see myself wearing this top again and again. great purchase.",5,1,2,General,Tops,Knits
9606,872,31,Perfect summer top,"I love this top! it's the perfect lightweight top for summer and the details are so feminine and pretty. the fit is extremely flattering. the arm holes are not too large (i.e. do not have to worry about exposing bra). i think you can dress it up with heels, wear it casually with shorts, & also pairs perfectly with kimonos. i'm 5'4, 130 # and i took my usual retailer size in this, size small.",5,1,2,General,Tops,Knits
9617,868,59,Cute top,"I like the top; like the tie in the front. the material is stretchy. would imagine this will work for any size of chest. i wear either a small or medium, so thought i'd be safe order the medium, which turned out to fix more like a large. i'm taking it back for the small.....as it's a keeper.",5,1,12,General,Tops,Knits
9779,933,64,,"Great style and fit. will look great with jeans, skirt or leggings!",5,1,1,General Petite,Tops,Sweaters
10076,1110,39,Such a disappointment!,"I fell in love with this dress but when i received it in the mail, i was really surprised to see that unlike the picture online, the slip underneath is a nude color. it fit well and i decided to keep it. i wore it for the first time today and felt great in it. i was driving with my son in the back seat, i turned to hand him something and the entire right side of the dress (where the crocheting is) ripped open!! i cannot believe how poor the quality is at this price!",1,0,2,General,Dresses,Dresses
10311,1110,40,Beautiful and unique,"This dress is gorgeous in color and print; i think it can be styled as eclectic or elegant as you'd like. definitely runs big in the shoulder/bodice area, so i sized down.",5,1,2,General,Dresses,Dresses
10336,148,54,Live this,So nice. lightweight flannel with precious contrasting gingham cuffs. will look stylish on all heights. very impressed with the styling and construction. fits slightly larger than tts but figured that was to account for potential shrinkage.,5,1,20,Initmates,Intimate,Sleep
10621,838,34,Photos on model misleading,"The concept of this top is cool and the outer fabric is nice. the inner layer is sheer but as long as you're wearing a nude-colored bra, no big deal. however i did find the inner layer to be scratchy. they must've photoshopped the fit of the top on the model or altered the top, because it looks like it hangs straight on her. i ordered an xs and when you pull it out of the package, it clearly flares out & is a-line. so as a previous reviewer stated, it looks huge from the front. if it had fit the",2,0,1,General,Tops,Blouses
10626,1060,53,Finally--pants for real women!,"These are the best trousers i have bought in a long time! i'm 5'8 and 145 pounds and the 8 fit with a bit of extra room in the waist--not enough to size down. i love that they are not ""skinny""--so over the skinny fit. i plan to wear these with black heels, white tee, and the vegan black leather jacket i purchased at the same time--oh, and a statement necklace--always a statement necklace. these are a must for every fall wardrobe! more pants like these, please!",5,1,3,General Petite,Bottoms,Pants
11029,872,35,Cute top,This top is really pretty & i think i will be happy when i pull it out in the spring to wear it. the only complaint is that the front is very sheer. you have to wear an under shirt of some kind.,4,1,0,General,Tops,Knits
11146,862,41,Lots of material,"I ordered this in a medium and although the details/design of the shirt were cute, the ""swing"" did not work for me this time around. i typically like looser fitting tops, but with this shirt i felt like there was just too much material and made me feel like i was wearing a tent.",3,1,3,General,Tops,Knits
11149,862,33,,"My favorite shirt!!! i wear it when i don't want to be in the sun too long, it has breathable material in the armpit. i loved so much ordered in other colors. i wish they would make in more colors!",5,1,0,General,Tops,Knits
11270,1096,32,Too much,"This dress could have been great but for me there was too much design on the top part/ front. i wish the neckline was different or just less beadwork/ design near my face.
all in all its a maxi dress and was returned because approx. $250 was too much to spend on this.",3,1,0,General Petite,Dresses,Dresses
11641,950,38,,,4,1,0,General,Tops,Sweaters
11763,1022,42,Summer jeans!!!!,Love these jeans for summer! i followed the advice of previous reviewers and sized down to a 26. after wearing these for a few hours they stretched a little and fit great!! they look sweet with the palo alto blouse and the embroidered edessa top. highly recommend!,5,1,0,General,Bottoms,Jeans
11850,333,39,,,3,1,0,General,Bottoms,Shorts
11861,879,56,A structured t shirt finally! tts for most!,"This must be the only structured t shirt at retailer at the time of this review. i love it. the neckline is perfection. the ruched sleeves are long enough to cover my upper arms. i found it a bit see through, and added a white cami.

sizing: i ordered an xs. normally i wear a small in retailer brands, and a med in most other brands. size small t's have been too large lately. i'm 5'5"" tall, 135 lbs, 35-29-36, 34d, long torso, narrow across the shoulders, and short arms. 

fit: loose fitting t's l",5,1,19,General Petite,Tops,Knits
11894,964,32,,,1,0,0,General Petite,Jackets,Jackets
11954,869,40,,This is more of an undershirt than a shirt. the material is very very thin and it shows everything. it was beyond unflattering on me. don't buy this unless you have a knockout thin body.,1,0,1,General,Tops,Knits
12130,519,37,Love these yoga crops,"Unbelievably soft fabric that doesn't feel like it will pill. i ordered dark grey. i'm 5'3"" 130 (just after baby) and size m fits well, super-flattering. doesn't smash my buns. the seams are in all the right places to flatter. styling is between ballerina and badass, as i think the ankle wraps look a little tough. i highly recommend.",5,1,0,Initmates,Intimate,Lounge
12252,1110,53,Love the dress,"Very quick delivery. ordered sunday and in my mailbox tuesday before noon! nice fit, length is perfect. i'm 5'3"" and the regular size 6 hits just above the knee. one thing is the nice little button in the back fell off just as i was going to try it on. found on the floor and i will just sew it back on. other than that i love the print and everything about the dress. true to size. ?? retailer",5,1,0,General,Dresses,Dresses
12403,839,52,,Loved it. i have receive so many compliments when i wear this. it fit great.,5,1,1,General,Tops,Blouses
12433,828,36,Staple buttondowns,A must for every closet. very flattering fit - although i think the white is slightly boxier than the chambray.,5,1,0,General,Tops,Blouses
12449,936,60,Stylish,"Love the style of this sweater and it just happens to be warm, too!",5,1,0,General Petite,Tops,Sweaters
12455,936,61,,,5,1,0,General Petite,Tops,Sweaters
12504,936,40,Color not as pictured on website,"I wish i had read the other review about the color of the pink version of this sweater before i ordered it. she was absolutely right - the color is completely different in person. it is this garish pink and brown that looks like it was knit together with remaindered yarn. it's too bad, because the cut of the sweater is cute and the zipper adds a funky touch. maybe the blue is better in person...",2,0,0,General Petite,Tops,Sweaters
12608,1100,29,Runs small,"This is a pretty dress, although it runs smaller and the colors aren't as vibrant as on the website. the waist ran very small for me in a size 10 which is my normal size and normally runs looser in the waist area as i have an hour glass figure. this probably will look very nice on someone smaller.",3,1,0,General Petite,Dresses,Dresses
12964,829,57,,,5,1,0,General Petite,Tops,Blouses
13087,1037,36,Flattering and comfortable,"I bought these in light grey and navy. they are both beautiful. high quality,very flattering, and so comfortable! i love them! they're a perfect long length. i have long legs and it can be challenging finding a good length in pants. the pockets are deep and functional, which is rare in women's pants. they are more than i like to spend, but i will get a lot of wear out of them. they look and feel fantastic. i highly recommend these!",5,1,0,General Petite,Bottoms,Jeans
13145,1078,63,Great first romper,"I've never owned a romper, and never had any desire to. but the classy design in black, soft, flowy fabric reeled me in, prompting me to push my boundaries a bit. i'm so glad i did. i don't think i have any other piece of clothing that makes me feel so classy or so fun, and certainly not at the same time. i wear it to work in an office environment with a cardigan, and the cardigan goes off after work as i run errands or play with the kids. i love it!! (and it even has pockets - i'm a sucker for",5,1,2,General,Dresses,Dresses
13746,1078,45,So gorgeous,I never write reviews although i do most of my shopping online but i had to write one for this tunic. i got it in the blue and sized down from a small to extra small- although i ordered both to see. the smaller size fit better around the shoulders. it is a bit retro funky and elegant at the same time. great price for such a quality piece.,5,1,0,General Petite,Dresses,Dresses
13825,1095,35,Retro sundress,"I love this dress! i rarely pay full price at retailer and couldn't take the risk of loosing this waiting for a sale. i tried on two different size 4 and a 2 and they all fit the same; a little large in the bust and the straps a tad long on the 4's. i typically can go between 2 and 4 at retailer, and with this dress the 2 was a better fit, i'm 34b and i had room in the bust on the 2 and the 4 was loose in the bust. i did t have any gaping issues others commented about. i'd have given it 5 sta",5,1,2,General Petite,Dresses,Dresses
13833,909,49,Gorgeous!,"I have nothing but positive comments to say about this sweater. i'm 5'6, 130 pounds and i got a medium because my shoulders are a bit wide and my sweater fits me just as it does the model. it's not bulky but it is very warm, and the colors are out of this world! a very high quality and unusual piece that will be in my wardrobe for many years.",5,1,0,General Petite,Tops,Fine gauge
13848,872,42,Werid cut!!!,"I was really excited to see what this looked like in person. when i unpacked this shirt i was shocked to see what how short it looked. the colors are very close to what you see online but the shirt is super boxy. i have a smaller torso and it barely came to below my waist. you can't tell by the picture but this shirt can fit at least 2 people in the width. when i tried it on, it didn't look as boxy but still a really weird cut! it was disappointing because it looks so cute online! i will be retu",3,0,5,General,Tops,Knits
14038,621,31,"Beautiful, but with a downside","This dress is gorgeous with fine detailing, and even though i'm curvier than the model, it still fits well and is flattering (please see attached poor quality photos). i'm 5' 8"", 32dd, i usually wear a 6, and the small is great. my only complaint is that the bottom of the skirt around the ankles is super tiny, and i feel like i have to take itty-bitty steps. it's a bit off-putting not to be free to stride normally. i recommend the dress, but you may consider (like i am) having a professional add",4,1,1,General Petite,Intimate,Lounge
14246,966,61,Great with everything,It's a great light jacket for early spring. ideal topper for jeans or denim skirt.,5,1,0,General,Jackets,Jackets
14719,1095,27,Great classic dress,"Bought this dress online in my usual 0p for a special event and liked the cut but found the area around my stomach and the bottom of the open area on the back to be a bit large. this in the back created the potential problem of flapping open so that you could see down the back of the dress. surprisingly they had 00p as well so i reordered that one and love it. 

keep in mind that the style is very subdued and elegant especially from the front with a little bit of fun added to the back with the",5,1,1,General,Dresses,Dresses
14857,984,36,"Cute, casual, and well-made","I purchased this in purple, and agree with previous reviewers who've mentioned that it looks more casual in person. it can be dressed up with the right accessories, though, and the fabric is really excellent quality, soft and durable. i really like the contrasting plaid back, it's a subtle but fashionable detail.",5,1,0,General,Jackets,Jackets
14867,984,56,So cool!!!!,I found this in your store and had to have it! i wore it on a date night and received more compliments than i can count!!!! the attention to detail makes this jacket special. i am 5 ft 5 inches 124lbs and a 4fits but a 6 is perfect for a sweater underneath. i actually went back a bought the other color. worth every penny.,5,1,1,General,Jackets,Jackets
15035,936,62,"Cute, cozy, classic","I was trying on the cream knit turtleneck midi dress in the store, and wanted the shearling vest shown with it to work for me. the dress is sleeveless, very good looking on, but the vest on me was too much, looked like i was being swallowed by a huge shearling taco. i wanted and needed something to stay warm in without the bulk of a full coat. the stylist brought me this jacket, and it was just the thing for me. its classic and modern, warm without bulk, and the two tone complimented the dress a",5,1,18,General,Tops,Sweaters
15054,872,42,,"This top looks beautiful online. when i got it, it looks nothing like the pic. it's wide, too much fabric, no shape and so unflattering. it's definitely going back",1,0,0,General Petite,Tops,Knits
15147,940,47,Love love love,"I initially bought this in the stone color and loved it so much the first time i wore it that i went back for the red. without a doubt my favorite purchases of the season. have gotten so many compliments on both and despite the fact that the style isn't form fitting, it is still somehow very flattering. would highly recommend this sweater to anyone!",5,1,0,General,Tops,Sweaters
15337,1078,28,Cute and stylish,"This is so cute...i love the stripe and fringe combo.  i took my typical size, 4. kind of short for a 5'7 frame, but love otherwise.",4,1,0,General,Dresses,Dresses
15574,1056,33,,"I bought these last year and loved them, however they came in tall sizes. this year they do not and the inseam is just way too short, even at 33"". im 5'7"" and  they barely graze the floor with no break in the pant leg. i prefer to wear them with boots and they will not be long enough even with a short heal",2,0,0,General,Bottoms,Pants
15924,867,42,Great top,This is a beautiful top. it is something great to have in your wardrobe for the holiday season or a nice date night option. i highly recommend it. it runs true to size. the price is actually reasonable as far as dressy retailer tops go as well!,5,1,19,General,Tops,Knits
16010,1056,38,Chinolicious,"I find these to be nearly perfect. the quality is idea--soft, yet sturdy. the stitching is unique based on the color--which i love. and while they're super machine-washable, i never need to iron them for a business-casual look. i tend to like things on the baggy side, so as a 5'7"" gal with about 120 pounds on me, i wear a 28, but i'm sure a fitted look would be more appealing to most. that said, i often get larger because they're a tiny bit shorter than i like, so i wear them kinda low. and if i",5,1,1,General,Bottoms,Pants
16171,936,59,I'd hoped it would be better.,"The black and white photo of this sweater makes it look absolutely beautiful. the color photography looked to be a beautiful rich burnt red color. it simply did not match. it was more of an almost faded version of the rich color. the fit was ""ok"". just didn't love it.",2,0,2,General Petite,Tops,Sweaters
16358,1081,64,Better for taller women,"I am a petite size 10 and 5&#39;1&quot;     i love the fabric and style of the dress, but found it to be too much dress for me.  the skirt is very full and with the top i feel it would look better on a thin, taller person.",3,0,0,General Petite,Dresses,Dresses
16403,829,63,Basic black bonus,"Just a little scallop makes this top special. 
if your on the edge of a 10 i suggest sizing up. 
fabric crisp-well made and worth full price",5,1,6,General Petite,Tops,Blouses
16559,1065,44,Effortless style,"Lovely jumpsuit. can be dressed up or down. i agree with the other reviewers that in my normal medium, the torso length is a bit short, making the garment pull. i sized up to a large, and with room in the hips and the correct torso length, the jumpsuit works. the bust is cut for a smaller gal. for reference, i am 5'7"", 36a, 155lb.",5,1,0,General,Bottoms,Pants
16635,895,63,Love it!,"Beautiful color, great style/design. only drawback is it's not as soft as other cashmere i've purchased...got the xs and the fit is perfect!",4,1,2,General,Tops,Fine gauge
16696,1037,29,Love!,I tried these on in my local store and immediately loved them! they are so flattering on my hourglass shape. the flare leg balances out the hips. great quality and very comfortable. i know i will get so much wear out of these. i bought a size up from my usual size and they fit perfectly.,5,1,0,General Petite,Bottoms,Jeans
17338,862,60,Great tunic!,This tunic is flowy without having too much material to make you look bigger.  i love the way it fits.  i'm 5'4 125 lbs and got a small.,5,1,0,General Petite,Tops,Knits
17378,863,63,Perfect shirt,"This shirt is so cute alone with jeans or dressed up with nice jewelry, a scarf or cardi. its just the right weight, true to size, drapes nicely and its very flattering. i""m sorry i didn't order more when i had the chance. its already sold out in the colors and sizes i wanted. excellent quality as usual -- thanks again retailer!",5,1,0,General,Tops,Knits
17455,833,46,"Looks good in person, shrunk a lot","I bought this in size xl and it initially fit me similarly to the model. but, once i washed it (in cold in my machine, reshaped and air-dried), it was so much smaller/shorter. i loved the embroidery on the top. the mix of pattern colors is great too. i like when blues and blacks are mixed together. i don't know how i could have prevented the shrinking. i now throw on a shrug or jacket over to hide the shorter length. still stylish and fun.",4,1,0,General Petite,Tops,Blouses
17502,1081,56,,"The fabric has a beautiful drape; the skirt is a nice length, and it blows, moves, and swings in a most flattering way. the gray is a an elegant color, and one could definitely wear the dress at both casual and more formal events. the top, however, sags, and overwhelms the more fitted lining. too bad!",3,1,9,General Petite,Dresses,Dresses
17571,1110,34,Had great potential,"I tried this dress on in a 6 and a 4 (a 4 is a little small for me but it looked so loose and flowy i thought sizing down would be a good idea). the 4 fit in the outer layer, however as the previous poster mentioned, the lining is super tight. i couldn't even pull the 4 lining down over my hips. the 6 was far too big in the shoulders and arms and still too tight in the lining. not sure what when wrong here but it's a shame because it's a really cute dress.",2,0,8,General,Dresses,Dresses
17595,1110,33,In love,"I love this dress. so simple yet beautiful. very excited to wear this spring and summer, perfect for easter.",5,1,7,General,Dresses,Dresses
17661,862,39,Flattering top for all types,"Lovely top that seems to flatter all body types. fit is great, fabric is soft, style is lovely...great to dress up or throw on with jeans.",5,1,7,General Petite,Tops,Knits
17674,862,25,Cute top,"This top is cute and comfortable. i did order a size larger than i would normally wear. i usually wear a size small but i had to buy a medium (5'7"", 145lbs, 34b).",5,1,0,General Petite,Tops,Knits
17856,278,76,Feminine & perfect for spring,"My favorite leggings. they are feminine and perfect with a long tee. the colors are vibrant, the material is high quality, plus they're comfy! i ordered an xs. i'm 5'4"" and 115 lbs.",5,1,0,Initmates,Intimate,Lounge
17870,862,48,"Lovely, buttery-soft and oh-so flattering","I purchased the blue (a bluish gray), size medium.

the entire top, including the fluttery sleeves, drapes wonderfully and is sooo soft. i wish i could wear this top/this silhouette every day! it's versatile enough to do so, if only the other colors were flattering to my coloring. 

sleeves: i'm thrilled to find a shirt that fits/flatters my proportional curves and sports sleeves that don't grip my biceps. often, i must choose to fit my arms or fit my torso, unless i want the additional step",5,1,1,General,Tops,Knits
18015,1059,44,"Fun prints, fun pants",Great pants! great fall colors. great for day or night. super fun and funky. love them!,5,1,0,General Petite,Bottoms,Pants
18089,834,29,"Excellent, comfortable, dressy or casual","I'm in love with this top! i usually wear a s/m or 6, and the size 6 fits perfectly. the cut is very flattering and i love that the sleeves can be worn rolled up and buttoned or down (and when they're down they hit right at the wrist, not too long or short). it's lightweight and comfy, but looks really pulled together. i can see myself wearing this both with ripped boyfriend jeans and sneakers and with dress pants and a blazer. a great transitional piece.

i only wish this came in solid white (o",5,1,28,General,Tops,Blouses
18128,1089,34,Gorgeous lace!,"I was so pleased to receive this dress after purchasing it online -- the color is vibrant, the lace is beautiful, and it is fully lined! fit is true to size, and its a fit and flare dress so flattering for most body types. i could dress it up or down for lunches or weddings so overall, i think its a great dress for a great price!",5,1,3,General,Dresses,Dresses
18250,1094,48,,Beautiful dress. i just wore this dress for my wedding. it was a beautiful wedding dress and i got many compliments on the uniqueness and the beading detail. there was one really big problem. the beads and the flowers kept falling off. i sat down and stood up leaving a pile of little flowers and beads. i could be standing still and they would periodically drop off. it was kind of embarrassing and everyone remarked that i was my own flower girl. i am still finding pieces of the dress everywhere.,5,1,5,General,Dresses,Dresses
18390,850,37,Lovely drape in your regular size,"I originally purchased this in my usual retailer size 6 (vanity size lol), and was nervous that the neck would be tight, based on the other reviews. however, once i tried it on i realized that in my usual size the body was a little too wide and didn't create any shape. i ended up exchanging for and keeping a size 4 and it fits much better in the body and i did not have a problem with any tightness in the neck in either size. for reference i'm 5'7"", 36dd 135lbs.

i would say this items runs true",4,1,15,General,Tops,Blouses
18394,876,43,"Great concept, but snags easily!","This top is adorable in style and fit. which is why it breaks my heart that i can't recommend it. the embroidery snags so easily, when i wore it, i ended up with several tears in the threads, leaving the pattern a bit of a mess. it snagged on my rings, my watch and my purse. i returned it because of this. it's really too bad, and i wish the design were printed on instead of sewn, simply because it would last a lot longer.",3,0,1,General,Tops,Knits
18585,1049,33,This is happiness (for my postpartum body!),"Ok, so this is true to size-- i recently had a baby (i gained a lot of weight), am in the process of losing it and took the risk of buying a jumpsuit online. i am 5'3 with a long torso, short legs, and a big fat butt so buying pants (especially rompers) are almost impossible. lengthwise, this fits me like pants. the draping is so flattering and the color combination is splashy but not loud. i had to review this as soon as i realized it fit. i don't think i've ever been so happy with an retailer pu",5,1,11,General,Bottoms,Pants
18591,526,28,,Loved this romper! wish it was offered in petite... arm sleeves are too long once it's off shoulders.,4,1,0,General,Bottoms,Shorts
18918,674,34,,"I looooove these. the styling makes me wonder if i could even wear them to work on casual fridays with the right top they are so great. i am a little concerned about how they will hold up over time since some of the stitching looks a little shoddy, but they are still worth it at this price. i am going to order another pair just in case they don't hold up, i love them that much.",5,1,1,General Petite,Intimate,Lounge
19121,1121,31,"Beautiful, dramatic trench, but impractical upkeep","This trench is beautiful, with a lovely, swinging skirt that adds a romantic sense of drama and movement - you'll feel as though you are starring in your very own film noir movie. i wish i could have kept it, but i couldn't justify paying full price on a coat that had to be hand-washed (the label specifies no dry cleaning!).there is a lot of fabric on this trench, and i imagine that all those little pleats will have to be ironed too. i don't have the time for that, and for this much money, i wou",3,0,5,General,Jackets,Outerwear
19155,1015,52,,,5,1,0,General,Bottoms,Skirts
19309,1092,51,Had high hopes,"This dress was a disappointment. not black, but brown. and it was very oddly made, with a weird, seam right across the belly. on its way back...",1,0,0,General Petite,Dresses,Dresses
19349,1008,40,Beautiful & classic,"Love this skirt, i ordered a small, i'm 5'1, about 120, still losing some baby weight, so the elastic band is really nice because it will still fit once i get down to 110. really love the cut, it falls just above my knees in the front, longer in back. i wore it to church with a cream top with victorian lace around neck, tucked in, and added a belt for a nicer finish, although the band looks good without the belt too. i got tons of compliments from everyone. definitely a score.
(p.s. shoes are fr",5,1,5,General Petite,Bottoms,Skirts
19526,875,30,Nice casual top,"Very pleased with the fabric and design of this. it is thick, but not heavy, and the cutouts in front fall so that you don't really have to wear anything underneath (there is one cut out pretty low in the middle that i didn't initially notice, but wasn't really a problem). i'm 5""4/b cup and i bought the small but would have been better with a medium as the small kinda pulled through the chest. i couldn't wear anything over it without it pulling the whole top up. it's also a bit shorter than i th",5,1,0,General,Tops,Knits
19543,1078,35,Beautiful pattern,"This dress is true to size and great for the winter months. it's very comfortable and not scratchy at all. i love the colors and patterns on this dress. the buttons are a nice detail, but after wearing this dress twice, one of the buttons has already fallen off. they don't seem to be sewn securely. i am tall and this dress falls as shown on the model.",4,1,0,General Petite,Dresses,Dresses
19626,879,48,Great tee!,This is adorable!  lots of compliments on color.  great fit!,5,1,0,General,Tops,Knits
19726,877,52,Soft unique graphic tee,Soft! sleeve is cuffed! different. called moonscape. cool vibe. tiny threads on front of moon.,5,1,7,General,Tops,Knits
19782,825,31,,Loved this top when i received it. unfortunately it runs very big. i ordered a small because it had come up but in reality i need an x small and maybe even that would be too big. im 130 pounds and 34dd. its a nice shirt just a little expensive.,4,1,5,General,Tops,Blouses
19954,836,33,So cutest,Ok. love this top. i'm 5'4 106 34b and the 0 reg fits perfect on the top half. i am going to have the waist taken in because i love the top. it is very short. i usually need a petite but the regular is just barely long enough. i thought it was red and white but it is red and beige. great with jeans or navy for work.,4,1,1,General Petite,Tops,Blouses
19960,1141,53,Beautiful dress,"This dress is so beautiful! i ordered it online and when i received it i was so pleased with how it was even better in person. the fit, the embroidery, the lovely fall colors - makes this a perfect dress all the way around!",5,1,1,General,Trend,Trend
20267,985,22,Cute and comfy,"This jacket is so comfortable and high quality fabric. i love the color and style and easiness of just throwing it on. the only thing that i wasn't completely satisfied with is that it is a little bit bulky around the hips with the pockets. however, i am 5'0"" so that may be more of a length issue for me. overall, this jacket is really nice.",4,1,0,General Petite,Jackets,Jackets
20489,834,23,Darling,"I ordered the ""london, paris, milan"" print red top in a size 4. i go back and forth with ordering 2's and 4's but i figured that with long sleeves, i'd rather have a little room than it be fitted. my boyfriend asked if i bought it for valentine's day- the red print and the cities struck him as romantic. anyway, lovely top. lightweight material will be nice for layering during winter, and wearing on it's own in spring and next fall.",5,1,1,General,Tops,Blouses
20560,867,24,Great piece for layering,"The melon color is soft and flattering. it is a little on the long side in the back, but i paired it with a lightweight, flowy sweater, and received compliments.",4,1,0,General Petite,Tops,Knits
20599,228,53,Great for around the house!,"I understand what the previous reviewer meant when she says these are great for around the house. the yarn is thick but the weave is open so they are nicely springy but not very warm.

they look perfect with my birkenstocks so i'm getting then in all colors.",4,1,2,Initmates,Intimate,Legwear
20806,862,27,The perfect top for all seasons,"Love this top so much that i bought it in both colors. the fabric is wonderful and the pleated front is a nice feature. i also like the fabric covered buttons. you can button this top all the way or leave the top few buttons undone. either way, it looks cute. i especially like that it looks great under a blazer or cardigan and will look good uncovered when the weather heats up. great quality and features for the price.",5,1,5,General Petite,Tops,Knits
20830,1078,37,Great length,"This dress is nicely made , fits well and is the right length.",4,1,2,General,Dresses,Dresses
20937,860,27,"Love this top, with a slight modification","I saw this top in my local store and almost didn't try it on solely because i hate split-sleeve/cold-shoulder tops. but, the peplum style and pattern were so cute that i took it into the dressing room anyway. after trying on probably 6-8 items, i wound up buying this top and one other. i really like the fit, as i am high-waisted, and it defines my waist really well . the wide neck is also super flattering. and i love the pattern. i went ahead and purchased, despite the fact that i wasn't thrille",4,1,6,General Petite,Tops,Knits
20952,819,32,,"This blouse is just so beautiful! but i do love white blouses, so that may influence my enthusiasm. however, once i buttoned it up, it was just dreamy. i have a long torso and am tall for a typical xs, so it's often hard to find something that's the right length. this is perfect! it may overwhelm some ladies who are on the petite side of height, but it's a rare find for me. paired with a pair of cropped pants because i'd come in a dress, it looks delightfully vintage in the best of ways. i'm sti",5,1,4,General Petite,Tops,Blouses
20971,895,38,,"This cardigan is so much more beautiful in person. i thought it would be very lightweight, but it has a nice weight to it. this will go with absolutely everything and looks lovely on!",5,1,9,General Petite,Tops,Fine gauge
21003,895,23,Gorgeous,"I recently purchased this cardigan and got so many compliments the first day i wore it.  the detail is so exquisite, it will be worth every penny.",5,1,0,General Petite,Tops,Fine gauge
21064,1083,52,Stunning: a timeless piece of artistry!,"Wow, this dress is so incredibly designed and made! the style is a subtle showstopper - classic and beautiful like they don't make anymore.
the inside of the dress is so well constructed, it has its own beauty!

i read that it ran a little large, so i tried the 0 and the 00, since i usually wear a 0. well the 00 looked like a lingerie commercial with the dress unable to zip above the waist!! the 0 fit and zipped, but i could not sit down comfortably. yikes!
the 2 was a winner. i'm 5'4 1/2"", 110",5,1,0,General Petite,Dresses,Dresses
21234,1126,26,Awesome jacket!,"This jacket is the best! definitely my staple jacket for the spring. it is so comfortable and soft. i usually wear a small in retailer clothing, but i opted for the medium in this so there's a little room for layering. even with the extra room, it is so flattering. i absolutely love this jacket!",5,1,3,General,Jackets,Outerwear
21295,903,61,Springlike and pretty but runs large,"Looks nearly exactly like the picture. will be very comfortable to wear. i ordered a petite large and could really have worn a medium. it's big all over. i figure i'll do a little tailoring on this come spring and adjust the fit. on the whole, happy.",4,1,0,General,Tops,Fine gauge
21477,861,49,Nice summer weight t,"Pros: versatile summer weight t. perfect with jeans. flattering cut. nice color palette. made in the usa. reasons for not giving 5's for overall rating and quality... shirt is a bit short overall (i'm 5'4). fabric is thin and a mixed blend of poly, cotton, and rayon. will have to be careful with washing. better if you can purchase on sale. regular price was steep for a t-shirt.",4,1,0,General,Tops,Knits
21618,1077,38,Flattering basic,"I'm trying to buy more basic, versatile clothes and this dress in gray is great for that. definitely runs large-- i usually wear an 8 and it fits in a 6p. i'm, 5'5"" and the petite falls where it does on the model. the regular was unflatteringly long and sack-like. quality seems ok for the sale price.",5,1,0,General,Dresses,Dresses
21668,1008,30,Beautiful skirt!,"I absolutely love the way this skirt looks and fits. i have a smaller waist and larger hips so it is hard to find a pencil skirt that fits, but this skirt fits great! the material has some stretch to it but is still thick and looks really nice. the colors are beautiful, i bought it in the ""red"" which is really just multi-colored. i want it in the green now, too!",5,1,0,General Petite,Bottoms,Skirts
21960,1078,78,Like,I love the print and quality and safari look to me. it does run tight across the shoulders i would size up.,4,1,1,General,Dresses,Dresses
22174,1088,35,Awesome dress,"This dress is absolutely gorgeous. every time i wear it, people just don't stop admiring it. great material and great fit.",5,1,0,General,Dresses,Dresses
22291,1077,21,Beautiful dress,"I ordered this dress for my engagement photos and i am so excited to wear it! it's a gorgeous dress, a bit fancy. it drapes so nicely on the body. as previous reviews have stated, it's a little snug in the chest and shoulders so you might want to size up. i typically wear a size 4 in dresses and fairly small chested, and i decided to stick with the small in this dress. i probably would have been a little more comfortable in a medium as it's a little tight in the shoulder area still. overall thou",4,1,0,General Petite,Dresses,Dresses
22298,867,50,Cute and flattering top!,"I liked the idea of the scarf tie, so i tried on this top in the store. it was so cute on, that i ignored that it was a bit overpriced for the quality. the material is more of a t-shirt with elastic at the bottom, so it poofs a bit rather than laying flat. i'm not sure how durable the fabric is. it's still really flattering and the scarf color adds a bit of a pop to the navy color. i think ti would look great with jeans but, with the right pants, i could dress it up a bit and wear it to work. it",4,1,1,General Petite,Tops,Knits
22338,895,44,Good for one use,"After washing this top pilled terribly. it is beautiful, but only for one use.",1,0,0,General,Tops,Fine gauge
22398,1028,56,Disappointed,"I had high hopes for these as coh is my favorite brand of denim, and these crops were made specifically for petites. also, i was happy to see they were described as a straight jean, not a skinny. the fit and sizing seems to be a little off. i ordered my regular size in this brand, 27p, but they were too big. sized down to a 26p. they were still too large in the waist (seemed very stretchy) but fit well in the legs. i like the fact that these crops were made for petites so the length was perfect,",3,1,6,General,Bottoms,Jeans
22433,291,28,Beautiful print and well made,I love this design so much and it is very well made. i also like the adjustable shoulder straps and that the cups are not padded cups. i think that makes it look less like a bra and more like a bathing suit. only con is that it seems to run small.,5,1,1,Initmates,Intimate,Swim
22549,850,52,Sweet top,Lightweight silk with sweet details (ruffles) fits comfortably and nice for workplace with suit or more casual.,4,1,0,General,Tops,Blouses
22876,1076,44,Flattering and darling,"I ordered this dress in navy for fall, and it is now easily the most darling and figure flattering dress in my wardrobe. i am 125 lbs and size 27 in jeans. i usually wear a size small but ordered a medium based on reviews that said this dress runs small, and i like that the medium is a little longer and slightly blousy, making it more modest, but the small would have worked just fine for a slightly more figure-accentuating look. the fabric hangs beautifully and has a silky feel. the navy flower",5,1,2,General Petite,Dresses,Dresses
22981,999,41,Sian mini skirt,"So there weren't any product reviews to go by when i ordered the last small. i had no way of knowing if it ran big, small, or tts. i'm usually a med, but to my surprise the small worked due to the fluid pleating. it sits right on my natural waistline similar to the model and not too short in length (i'm 5'8""). i also like the med weight of the fabric it moves freely when you walk, but not too light. it is similar to a double weight georgette or crepe.",5,1,0,General,Bottoms,Skirts
22997,136,47,"Charcoal, pale gray, a bit of silver!","These socks are soft and comfortable, and they are very short so they'll be good with booties. i couldn't tell from the pictures but the pale gray dots are surrounded by a border of subtle silver thread. they're adorable!",5,1,1,,,
23087,942,49,"Great sweater, not crazy about the collar","I didn't really notice the collar when i ordered it on line and i'm not really liking it. it's the rough, unstitched thing they like to do sometimes and it just makes it look slightly more casual and well, rough around the edges. it's a nicely cut, great fitting sweater though so i'll be looking for some scarves!",3,0,0,General,Tops,Sweaters
23462,999,24,Its okay,The pattern of this skirt is adorable and looks better in person but the fabric isnt the best. it feels like an elastic fabric and is way to volumous. overall not my favorite.,3,1,0,General,Bottoms,Skirts
